effective_date,added_ticker,added_security,removed_ticker,removed_security,reason,source,source_url,verified_at,confidence,notes,added_original_ticker,removed_original_ticker
2009-03-03,HRL,Hormel Foods,ACAS,American Capital,Capitalization rebalance,Wikipedia selected changes,https://en.wikipedia.org/wiki/List_of_S%26P_500_companies#Selected_changes_to_the_list_of_S&P_500_components,2026-06-03,medium,Selected changes table; may not be complete,,
2009-03-03,VTR,Ventas,JNY,Jones Apparel Group,Capitalization rebalance,Wikipedia selected changes,https://en.wikipedia.org/wiki/List_of_S%26P_500_companies#Selected_changes_to_the_list_of_S&P_500_components,2026-06-03,medium,Selected changes table; may not be complete,,
2009-06-05,FTI,FMC Technologies,COV,Covidien,Covidien moved incorporation to Ireland,Wikipedia selected changes,https://en.wikipedia.org/wiki/List_of_S%26P_500_companies#Selected_changes_to_the_list_of_S&P_500_components,2026-06-03,medium,Selected changes table; may not be complete,,
2009-06-25,TEL,TE Connectivity,,,Tyco Electronics left index due Switzerland reincorporation,Wikipedia selected changes,https://en.wikipedia.org/wiki/List_of_S%26P_500_companies#Selected_changes_to_the_list_of_S&P_500_components,2026-06-03,medium,Selected changes table; may not be complete,,
2009-06-29,PCS,MetroPCS,,,MetroPCS replaced TEL,Wikipedia selected changes,https://en.wikipedia.org/wiki/List_of_S%26P_500_companies#Selected_changes_to_the_list_of_S&P_500_components,2026-06-03,medium,Selected changes table; may not be complete,,
2009-08-19,FMC,FMC Corporation,CTX,Centex,Centex acquired by Pulte Homes,Wikipedia selected changes,https://en.wikipedia.org/wiki/List_of_S%26P_500_companies#Selected_changes_to_the_list_of_S&P_500_components,2026-06-03,medium,Selected changes table; may not be complete,,
2009-09-28,ARG,Airgas,CBE,Cooper Industries,Cooper redomesticated to Ireland,Wikipedia selected changes,https://en.wikipedia.org/wiki/List_of_S%26P_500_companies#Selected_changes_to_the_list_of_S&P_500_components,2026-06-03,medium,Selected changes table; may not be complete,,
2009-11-03,PCLN,Priceline.com,SGP,Schering-Plough,Schering-Plough acquired by Merck,Wikipedia selected changes,https://en.wikipedia.org/wiki/List_of_S%26P_500_companies#Selected_changes_to_the_list_of_S&P_500_components,2026-06-03,medium,Selected changes table; may not be complete,,
2009-12-18,V,Visa,CIEN,Ciena,Market capitalization change,Wikipedia selected changes,https://en.wikipedia.org/wiki/List_of_S%26P_500_companies#Selected_changes_to_the_list_of_S&P_500_components,2026-06-03,medium,Selected changes table; may not be complete,,
2009-12-18,MJN,Mead Johnson Nutrition,DYN,Dynegy,Market capitalization change,Wikipedia selected changes,https://en.wikipedia.org/wiki/List_of_S%26P_500_companies#Selected_changes_to_the_list_of_S&P_500_components,2026-06-03,medium,Selected changes table; may not be complete,,
2009-12-18,CLF,Cliffs Natural Resources,KBH,KB Home,Market capitalization change,Wikipedia selected changes,https://en.wikipedia.org/wiki/List_of_S%26P_500_companies#Selected_changes_to_the_list_of_S&P_500_components,2026-06-03,medium,Selected changes table; may not be complete,,
2009-12-18,SAI,SAIC,CVG,Convergys,Market capitalization change,Wikipedia selected changes,https://en.wikipedia.org/wiki/List_of_S%26P_500_companies#Selected_changes_to_the_list_of_S&P_500_components,2026-06-03,medium,Selected changes table; may not be complete,,
2009-12-18,ROST,Ross Stores,MBI,MBIA,Market capitalization change,Wikipedia selected changes,https://en.wikipedia.org/wiki/List_of_S%26P_500_companies#Selected_changes_to_the_list_of_S&P_500_components,2026-06-03,medium,Selected changes table; may not be complete,,
2010-02-26,HP,Helmerich & Payne,RX,IMS Health,Taken private,Wikipedia selected changes,https://en.wikipedia.org/wiki/List_of_S%26P_500_companies#Selected_changes_to_the_list_of_S&P_500_components,2026-06-03,medium,Selected changes table; may not be complete,,
2010-04-29,CERN,Cerner,BJS,BJ Services,BJ Services acquired by Baker Hughes,Wikipedia selected changes,https://en.wikipedia.org/wiki/List_of_S%26P_500_companies#Selected_changes_to_the_list_of_S&P_500_components,2026-06-03,medium,Selected changes table; may not be complete,,
2010-06-28,KMX,CarMax,XTO,XTO Energy,XTO acquired by ExxonMobil,Wikipedia selected changes,https://en.wikipedia.org/wiki/List_of_S%26P_500_companies#Selected_changes_to_the_list_of_S&P_500_components,2026-06-03,medium,Selected changes table; may not be complete,,
2010-06-30,QEP,QEP Resources,STR,Questar,Company split and ticker changed,Wikipedia selected changes,https://en.wikipedia.org/wiki/List_of_S%26P_500_companies#Selected_changes_to_the_list_of_S&P_500_components,2026-06-03,medium,Selected changes table; may not be complete,,
2010-07-14,CB,Chubb,MIL,Millipore,Millipore acquired by Merck KGaA,Wikipedia selected changes,https://en.wikipedia.org/wiki/List_of_S%26P_500_companies#Selected_changes_to_the_list_of_S&P_500_components,2026-06-03,medium,Selected changes table; may not be complete,,
2010-08-26,TYC,Tyco International,SII,Smith International,Smith acquired by Schlumberger,Wikipedia selected changes,https://en.wikipedia.org/wiki/List_of_S%26P_500_companies#Selected_changes_to_the_list_of_S&P_500_components,2026-06-03,medium,Selected changes table; may not be complete,,
2010-11-17,IR,Ingersoll-Rand,PTV,Pactiv,Pactiv acquired by Reynolds Group,Wikipedia selected changes,https://en.wikipedia.org/wiki/List_of_S%26P_500_companies#Selected_changes_to_the_list_of_S&P_500_components,2026-06-03,medium,Selected changes table; may not be complete,,
2010-12-17,CVC,Cablevision,KG,King Pharmaceuticals,King acquired by Pfizer,Wikipedia selected changes,https://en.wikipedia.org/wiki/List_of_S%26P_500_companies#Selected_changes_to_the_list_of_S&P_500_components,2026-06-03,medium,Selected changes table; may not be complete,,
2010-12-17,FFIV,F5 Networks,EK,Eastman Kodak,Market cap change,Wikipedia selected changes,https://en.wikipedia.org/wiki/List_of_S%26P_500_companies#Selected_changes_to_the_list_of_S&P_500_components,2026-06-03,medium,Selected changes table; may not be complete,,
2010-12-17,NFLX,Netflix,ODP,Office Depot,Market cap change,Wikipedia selected changes,https://en.wikipedia.org/wiki/List_of_S%26P_500_companies#Selected_changes_to_the_list_of_S&P_500_components,2026-06-03,medium,Selected changes table; may not be complete,,
2010-12-17,NFX,Newfield Exploration,NYT,New York Times,Market cap change,Wikipedia selected changes,https://en.wikipedia.org/wiki/List_of_S%26P_500_companies#Selected_changes_to_the_list_of_S&P_500_components,2026-06-03,medium,Selected changes table; may not be complete,,
2011-01-03,MMI,Motorola Mobility,MDP,Meredith,Motorola spun off Motorola Mobility,Wikipedia selected changes,https://en.wikipedia.org/wiki/List_of_S%26P_500_companies#Selected_changes_to_the_list_of_S&P_500_components,2026-06-03,medium,Selected changes table; may not be complete,,
2011-02-25,JOYG,Joy Global,AYE,Allegheny Energy,Allegheny acquired by FirstEnergy,Wikipedia selected changes,https://en.wikipedia.org/wiki/List_of_S%26P_500_companies#Selected_changes_to_the_list_of_S&P_500_components,2026-06-03,medium,Selected changes table; may not be complete,,
2011-02-28,COV,Covidien,MFE,McAfee,McAfee acquired by Intel,Wikipedia selected changes,https://en.wikipedia.org/wiki/List_of_S%26P_500_companies#Selected_changes_to_the_list_of_S&P_500_components,2026-06-03,medium,Selected changes table; may not be complete,,
2011-03-31,EW,Edwards Lifesciences,Q,Qwest Communications,Qwest acquired by CenturyLink,Wikipedia selected changes,https://en.wikipedia.org/wiki/List_of_S%26P_500_companies#Selected_changes_to_the_list_of_S&P_500_components,2026-06-03,medium,Selected changes table; may not be complete,,
2011-04-01,BLK,BlackRock,GENZ,Genzyme,Genzyme acquired by Sanofi,Wikipedia selected changes,https://en.wikipedia.org/wiki/List_of_S%26P_500_companies#Selected_changes_to_the_list_of_S&P_500_components,2026-06-03,medium,Selected changes table; may not be complete,,
2011-04-27,CMG,Chipotle Mexican Grill,NOVL,Novell,Novell acquired by private equity firms,Wikipedia selected changes,https://en.wikipedia.org/wiki/List_of_S%26P_500_companies#Selected_changes_to_the_list_of_S&P_500_components,2026-06-03,medium,Selected changes table; may not be complete,,
2011-06-01,ANR,Alpha Natural Resources,MEE,Massey Energy,Alpha acquired Massey,Wikipedia selected changes,https://en.wikipedia.org/wiki/List_of_S%26P_500_companies#Selected_changes_to_the_list_of_S&P_500_components,2026-06-03,medium,Selected changes table; may not be complete,,
2011-06-30,MPC,Marathon Petroleum,RSH,RadioShack,Market capitalization adjustment,Wikipedia selected changes,https://en.wikipedia.org/wiki/List_of_S%26P_500_companies#Selected_changes_to_the_list_of_S&P_500_components,2026-06-03,medium,Selected changes table; may not be complete,,
2011-07-05,ACN,Accenture,MI,Marshall & Ilsley,Marshall & Ilsley acquired by Bank of Montreal,Wikipedia selected changes,https://en.wikipedia.org/wiki/List_of_S%26P_500_companies#Selected_changes_to_the_list_of_S&P_500_components,2026-06-03,medium,Selected changes table; may not be complete,,
2011-09-23,MOS,Mosaic,NSM,National Semiconductor,National Semiconductor acquired by Texas Instruments,Wikipedia selected changes,https://en.wikipedia.org/wiki/List_of_S%26P_500_companies#Selected_changes_to_the_list_of_S&P_500_components,2026-06-03,medium,Selected changes table; may not be complete,,
2011-10-14,TEL,TE Connectivity,CEPH,Cephalon,Cephalon acquired by Teva,Wikipedia selected changes,https://en.wikipedia.org/wiki/List_of_S%26P_500_companies#Selected_changes_to_the_list_of_S&P_500_components,2026-06-03,medium,Selected changes table; may not be complete,,
2011-10-31,XYL,Xylem,ITT,ITT,Xylem spun off from ITT,Wikipedia selected changes,https://en.wikipedia.org/wiki/List_of_S%26P_500_companies#Selected_changes_to_the_list_of_S&P_500_components,2026-06-03,medium,Selected changes table; may not be complete,,
2011-11-18,CBE,Cooper Industries,JNS,Janus Capital Group,Market capitalization no longer representative,Wikipedia selected changes,https://en.wikipedia.org/wiki/List_of_S%26P_500_companies#Selected_changes_to_the_list_of_S&P_500_components,2026-06-03,medium,Selected changes table; may not be complete,,
2011-12-12,GAS,AGL Resources,GAS,Nicor Gas,Nicor acquired by AGL which retained ticker,Wikipedia selected changes,https://en.wikipedia.org/wiki/List_of_S%26P_500_companies#Selected_changes_to_the_list_of_S&P_500_components,2026-06-03,medium,Selected changes table; may not be complete,,
2011-12-16,BWA,BorgWarner,AKS,AK Steel,Market capitalization change,Wikipedia selected changes,https://en.wikipedia.org/wiki/List_of_S%26P_500_companies#Selected_changes_to_the_list_of_S&P_500_components,2026-06-03,medium,Selected changes table; may not be complete,,
2011-12-16,PRGO,Perrigo,MWW,Monster Worldwide,Market capitalization change,Wikipedia selected changes,https://en.wikipedia.org/wiki/List_of_S%26P_500_companies#Selected_changes_to_the_list_of_S&P_500_components,2026-06-03,medium,Selected changes table; may not be complete,,
2011-12-16,DLTR,Dollar Tree,WFR,MEMC Electronic Materials,Market capitalization change,Wikipedia selected changes,https://en.wikipedia.org/wiki/List_of_S%26P_500_companies#Selected_changes_to_the_list_of_S&P_500_components,2026-06-03,medium,Selected changes table; may not be complete,,
2011-12-20,TRIP,TripAdvisor,TLAB,Tellabs,Expedia spun off TripAdvisor,Wikipedia selected changes,https://en.wikipedia.org/wiki/List_of_S%26P_500_companies#Selected_changes_to_the_list_of_S&P_500_components,2026-06-03,medium,Selected changes table; may not be complete,,
2011-12-31,WPX,WPX Energy,CPWR,Compuware,Market capitalization change,Wikipedia selected changes,https://en.wikipedia.org/wiki/List_of_S%26P_500_companies#Selected_changes_to_the_list_of_S&P_500_components,2026-06-03,medium,Selected changes table; may not be complete,,
2012-03-13,CCI,Crown Castle,CEG,Constellation Energy,Constellation acquired by Exelon,Wikipedia selected changes,https://en.wikipedia.org/wiki/List_of_S%26P_500_companies#Selected_changes_to_the_list_of_S&P_500_components,2026-06-03,medium,Selected changes table; may not be complete,,
2012-04-03,FOSL,Fossil,MHS,Medco Health Solutions,Medco acquired by Express Scripts,Wikipedia selected changes,https://en.wikipedia.org/wiki/List_of_S%26P_500_companies#Selected_changes_to_the_list_of_S&P_500_components,2026-06-03,medium,Selected changes table; may not be complete,,
2012-04-23,PSX,Phillips 66,SVU,Supervalu,ConocoPhillips spun off Phillips 66,Wikipedia selected changes,https://en.wikipedia.org/wiki/List_of_S%26P_500_companies#Selected_changes_to_the_list_of_S&P_500_components,2026-06-03,medium,Selected changes table; may not be complete,,
2012-05-17,KMI,Kinder Morgan,EP,El Paso,El Paso acquired by Kinder Morgan,Wikipedia selected changes,https://en.wikipedia.org/wiki/List_of_S%26P_500_companies#Selected_changes_to_the_list_of_S&P_500_components,2026-06-03,medium,Selected changes table; may not be complete,,
2012-05-21,ALXN,Alexion Pharmaceuticals,MMI,Motorola Mobility,Motorola Mobility acquired by Google,Wikipedia selected changes,https://en.wikipedia.org/wiki/List_of_S%26P_500_companies#Selected_changes_to_the_list_of_S&P_500_components,2026-06-03,medium,Selected changes table; may not be complete,,
2012-06-05,LRCX,Lam Research,NVLS,Novellus Systems,Novellus acquired by Lam Research,Wikipedia selected changes,https://en.wikipedia.org/wiki/List_of_S%26P_500_companies#Selected_changes_to_the_list_of_S&P_500_components,2026-06-03,medium,Selected changes table; may not be complete,,
2012-06-29,MNST,Monster Beverage,SLE,Sara Lee,Sara Lee split up,Wikipedia selected changes,https://en.wikipedia.org/wiki/List_of_S%26P_500_companies#Selected_changes_to_the_list_of_S&P_500_components,2026-06-03,medium,Selected changes table; may not be complete,,
2012-07-02,STX,Seagate Technology,PGN,Progress Energy,Progress acquired by Duke Energy,Wikipedia selected changes,https://en.wikipedia.org/wiki/List_of_S%26P_500_companies#Selected_changes_to_the_list_of_S&P_500_components,2026-06-03,medium,Selected changes table; may not be complete,,
2012-07-31,ESV,Ensco,GR,Goodrich,Goodrich acquired by United Technologies,Wikipedia selected changes,https://en.wikipedia.org/wiki/List_of_S%26P_500_companies#Selected_changes_to_the_list_of_S&P_500_components,2026-06-03,medium,Selected changes table; may not be complete,,
2012-09-05,LYB,LyondellBasell,SHLD,Sears Holdings,Public float threshold,Wikipedia selected changes,https://en.wikipedia.org/wiki/List_of_S%26P_500_companies#Selected_changes_to_the_list_of_S&P_500_components,2026-06-03,medium,Selected changes table; may not be complete,,
2012-10-01,ADT,ADT,LXK,Lexmark,Tyco spun off ADT,Wikipedia selected changes,https://en.wikipedia.org/wiki/List_of_S%26P_500_companies#Selected_changes_to_the_list_of_S&P_500_components,2026-06-03,medium,Selected changes table; may not be complete,,
2012-10-01,PNR,Pentair,DV,DeVry,Tyco spin-off merged with Pentair,Wikipedia selected changes,https://en.wikipedia.org/wiki/List_of_S%26P_500_companies#Selected_changes_to_the_list_of_S&P_500_components,2026-06-03,medium,Selected changes table; may not be complete,,
2012-10-02,KRFT,Kraft Foods,ANR,Alpha Natural Resources,Kraft split into two companies,Wikipedia selected changes,https://en.wikipedia.org/wiki/List_of_S%26P_500_companies#Selected_changes_to_the_list_of_S&P_500_components,2026-06-03,medium,Selected changes table; may not be complete,,
2012-10-02,MDLZ,Mondelez,KFT,Kraft Foods,Old Kraft Foods renamed Mondelez,Wikipedia selected changes,https://en.wikipedia.org/wiki/List_of_S%26P_500_companies#Selected_changes_to_the_list_of_S&P_500_components,2026-06-03,medium,Selected changes table; may not be complete,,
2012-10-10,PETM,PetSmart,SUN,Sunoco,Sunoco acquired by Energy Transfer Partners,Wikipedia selected changes,https://en.wikipedia.org/wiki/List_of_S%26P_500_companies#Selected_changes_to_the_list_of_S&P_500_components,2026-06-03,medium,Selected changes table; may not be complete,,
2012-12-03,DG,Dollar General,CBE,Cooper Industries,Cooper acquired by Eaton,Wikipedia selected changes,https://en.wikipedia.org/wiki/List_of_S%26P_500_companies#Selected_changes_to_the_list_of_S&P_500_components,2026-06-03,medium,Selected changes table; may not be complete,,
2012-12-11,GRMN,Garmin,RRD,RR Donnelley,Market capitalization change,Wikipedia selected changes,https://en.wikipedia.org/wiki/List_of_S%26P_500_companies#Selected_changes_to_the_list_of_S&P_500_components,2026-06-03,medium,Selected changes table; may not be complete,,
2012-12-21,DLPH,Delphi Automotive,TIE,Titanium Metals,Titanium Metals acquired by Precision Cast Parts,Wikipedia selected changes,https://en.wikipedia.org/wiki/List_of_S%26P_500_companies#Selected_changes_to_the_list_of_S&P_500_components,2026-06-03,medium,Selected changes table; may not be complete,,
2013-01-02,ABBV,AbbVie,FII,Federated Investors,AbbVie spun off from Abbott Labs,Wikipedia selected changes,https://en.wikipedia.org/wiki/List_of_S%26P_500_companies#Selected_changes_to_the_list_of_S&P_500_components,2026-06-03,medium,Selected changes table; may not be complete,,
2013-02-15,PVH,PVH,BIG,Big Lots,Market capitalization change,Wikipedia selected changes,https://en.wikipedia.org/wiki/List_of_S%26P_500_companies#Selected_changes_to_the_list_of_S&P_500_components,2026-06-03,medium,Selected changes table; may not be complete,,
2013-04-30,REGN,Regeneron Pharmaceuticals,PCS,MetroPCS,MetroPCS acquired by T-Mobile,Wikipedia selected changes,https://en.wikipedia.org/wiki/List_of_S%26P_500_companies#Selected_changes_to_the_list_of_S&P_500_components,2026-06-03,medium,Selected changes table; may not be complete,,
2013-05-08,MAC,Macerich,CVH,Coventry Health Care,Coventry acquired by Aetna,Wikipedia selected changes,https://en.wikipedia.org/wiki/List_of_S%26P_500_companies#Selected_changes_to_the_list_of_S&P_500_components,2026-06-03,medium,Selected changes table; may not be complete,,
2013-05-23,KSU,Kansas City Southern,DF,Dean Foods,Dean Foods too small after spinoff,Wikipedia selected changes,https://en.wikipedia.org/wiki/List_of_S%26P_500_companies#Selected_changes_to_the_list_of_S&P_500_components,2026-06-03,medium,Selected changes table; may not be complete,,
2013-06-06,GM,General Motors,HNZ,Heinz,Heinz acquired by consortium,Wikipedia selected changes,https://en.wikipedia.org/wiki/List_of_S%26P_500_companies#Selected_changes_to_the_list_of_S&P_500_components,2026-06-03,medium,Selected changes table; may not be complete,,
2013-06-21,ZTS,Zoetis,FHN,First Horizon,Zoetis spun off by Pfizer,Wikipedia selected changes,https://en.wikipedia.org/wiki/List_of_S%26P_500_companies#Selected_changes_to_the_list_of_S&P_500_components,2026-06-03,medium,Selected changes table; may not be complete,,
2013-07-01,NWSA,21st Century Fox,APOL,Apollo Education Group,Market capitalization change,Wikipedia selected changes,https://en.wikipedia.org/wiki/List_of_S%26P_500_companies#Selected_changes_to_the_list_of_S&P_500_components,2026-06-03,medium,Selected changes table; may not be complete,,
2013-07-08,NLSN,Nielsen Holdings,S,Sprint Nextel,Public float below threshold,Wikipedia selected changes,https://en.wikipedia.org/wiki/List_of_S%26P_500_companies#Selected_changes_to_the_list_of_S&P_500_components,2026-06-03,medium,Selected changes table; may not be complete,,
2013-09-10,DAL,Delta Air Lines,BMC,BMC Software,BMC taken private,Wikipedia selected changes,https://en.wikipedia.org/wiki/List_of_S%26P_500_companies#Selected_changes_to_the_list_of_S&P_500_components,2026-06-03,medium,Selected changes table; may not be complete,,
2013-09-20,VRTX,Vertex Pharmaceuticals,AMD,Advanced Micro Devices,Market capitalization change,Wikipedia selected changes,https://en.wikipedia.org/wiki/List_of_S%26P_500_companies#Selected_changes_to_the_list_of_S&P_500_components,2026-06-03,medium,Selected changes table; may not be complete,,
2013-09-20,AME,Ametek,SAI,SAIC,Market capitalization change,Wikipedia selected changes,https://en.wikipedia.org/wiki/List_of_S%26P_500_companies#Selected_changes_to_the_list_of_S&P_500_components,2026-06-03,medium,Selected changes table; may not be complete,,
2013-10-29,RIG,Transocean,DELL,Dell,Dell taken private,Wikipedia selected changes,https://en.wikipedia.org/wiki/List_of_S%26P_500_companies#Selected_changes_to_the_list_of_S&P_500_components,2026-06-03,medium,Selected changes table; may not be complete,,
2013-11-13,KORS,Michael Kors,NYX,NYSE Euronext,ICE acquired NYSE Euronext,Wikipedia selected changes,https://en.wikipedia.org/wiki/List_of_S%26P_500_companies#Selected_changes_to_the_list_of_S&P_500_components,2026-06-03,medium,Selected changes table; may not be complete,,
2013-12-02,ALLE,Allegion,JCP,JCPenney,Allegion spun off by Ingersoll Rand,Wikipedia selected changes,https://en.wikipedia.org/wiki/List_of_S%26P_500_companies#Selected_changes_to_the_list_of_S&P_500_components,2026-06-03,medium,Selected changes table; may not be complete,,
2013-12-10,GGP,General Growth Properties,MOLX,Molex,Molex acquired by Koch Industries,Wikipedia selected changes,https://en.wikipedia.org/wiki/List_of_S%26P_500_companies#Selected_changes_to_the_list_of_S&P_500_components,2026-06-03,medium,Selected changes table; may not be complete,,
2013-12-23,ADS,Alliance Data Systems,ANF,Abercrombie & Fitch,Market capitalization change,Wikipedia selected changes,https://en.wikipedia.org/wiki/List_of_S%26P_500_companies#Selected_changes_to_the_list_of_S&P_500_components,2026-06-03,medium,Selected changes table; may not be complete,,
2013-12-23,MHK,Mohawk Industries,JDSU,JDS Uniphase,Market capitalization change,Wikipedia selected changes,https://en.wikipedia.org/wiki/List_of_S%26P_500_companies#Selected_changes_to_the_list_of_S&P_500_components,2026-06-03,medium,Selected changes table; may not be complete,,
2013-12-23,FB,Facebook,TER,Teradyne,Market capitalization change,Wikipedia selected changes,https://en.wikipedia.org/wiki/List_of_S%26P_500_companies#Selected_changes_to_the_list_of_S&P_500_components,2026-06-03,medium,Selected changes table; may not be complete,,
2014-01-24,TSCO,Tractor Supply,LIFE,Life Technologies,Life Technologies acquired by Thermo Fisher,Wikipedia selected changes,https://en.wikipedia.org/wiki/List_of_S%26P_500_companies#Selected_changes_to_the_list_of_S&P_500_components,2026-06-03,medium,Selected changes table; may not be complete,,
2014-03-21,GMCR,Keurig Green Mountain,WPX,WPX Energy,Market capitalization change,Wikipedia selected changes,https://en.wikipedia.org/wiki/List_of_S%26P_500_companies#Selected_changes_to_the_list_of_S&P_500_components,2026-06-03,medium,Selected changes table; may not be complete,,
2014-04-02,ESS,Essex Property Trust,CLF,Cliffs Natural Resources,Market capitalization change,Wikipedia selected changes,https://en.wikipedia.org/wiki/List_of_S%26P_500_companies#Selected_changes_to_the_list_of_S&P_500_components,2026-06-03,medium,Selected changes table; may not be complete,,
2014-04-03,GOOGL,Google,,,Google Class C share distribution,Wikipedia selected changes,https://en.wikipedia.org/wiki/List_of_S%26P_500_companies#Selected_changes_to_the_list_of_S&P_500_components,2026-06-03,medium,Selected changes table; may not be complete,,
2014-05-01,UA,Under Armour,BEAM,Beam,Beam acquired by Suntory,Wikipedia selected changes,https://en.wikipedia.org/wiki/List_of_S%26P_500_companies#Selected_changes_to_the_list_of_S&P_500_components,2026-06-03,medium,Selected changes table; may not be complete,,
2014-05-01,NAVI,Navient,SLM,SLM Corporation,Navient spun off from SLM,Wikipedia selected changes,https://en.wikipedia.org/wiki/List_of_S%26P_500_companies#Selected_changes_to_the_list_of_S&P_500_components,2026-06-03,medium,Selected changes table; may not be complete,,
2014-05-08,AVGO,Avago Technologies,LSI,LSI Corporation,Avago acquired LSI,Wikipedia selected changes,https://en.wikipedia.org/wiki/List_of_S%26P_500_companies#Selected_changes_to_the_list_of_S&P_500_components,2026-06-03,medium,Selected changes table; may not be complete,,
2014-06-20,XEC,Cimarex Energy,IGT,International Game Technology,Market capitalization change,Wikipedia selected changes,https://en.wikipedia.org/wiki/List_of_S%26P_500_companies#Selected_changes_to_the_list_of_S&P_500_components,2026-06-03,medium,Selected changes table; may not be complete,,
2014-07-01,AMG,Affiliated Managers Group,FRX,Forest Laboratories,Actavis acquired Forest Laboratories,Wikipedia selected changes,https://en.wikipedia.org/wiki/List_of_S%26P_500_companies#Selected_changes_to_the_list_of_S&P_500_components,2026-06-03,medium,Selected changes table; may not be complete,,
2014-07-02,MLM,Martin Marietta,X,United States Steel,Market capitalization change,Wikipedia selected changes,https://en.wikipedia.org/wiki/List_of_S%26P_500_companies#Selected_changes_to_the_list_of_S&P_500_components,2026-06-03,medium,Selected changes table; may not be complete,,
2014-08-06,DISCK,Discovery Communications,,,Class C share distribution,Wikipedia selected changes,https://en.wikipedia.org/wiki/List_of_S%26P_500_companies#Selected_changes_to_the_list_of_S&P_500_components,2026-06-03,medium,Selected changes table; may not be complete,,
2014-08-18,MNK,Mallinckrodt,RDC,Rowan Companies,Market capitalization change,Wikipedia selected changes,https://en.wikipedia.org/wiki/List_of_S%26P_500_companies#Selected_changes_to_the_list_of_S&P_500_components,2026-06-03,medium,Selected changes table; may not be complete,,
2014-09-20,URI,United Rentals,BTU,Peabody Energy,Market capitalization change,Wikipedia selected changes,https://en.wikipedia.org/wiki/List_of_S%26P_500_companies#Selected_changes_to_the_list_of_S&P_500_components,2026-06-03,medium,Selected changes table; may not be complete,,
2014-09-20,UHS,Universal Health Services,GHC,Graham Holdings,Market capitalization change,Wikipedia selected changes,https://en.wikipedia.org/wiki/List_of_S%26P_500_companies#Selected_changes_to_the_list_of_S&P_500_components,2026-06-03,medium,Selected changes table; may not be complete,,
2014-11-05,LVLT,Level 3 Communications,JBL,Jabil Circuit,Market capitalization change,Wikipedia selected changes,https://en.wikipedia.org/wiki/List_of_S%26P_500_companies#Selected_changes_to_the_list_of_S&P_500_components,2026-06-03,medium,Selected changes table; may not be complete,,
2014-12-05,RCL,Royal Caribbean Cruises,BMS,Bemis Company,Market capitalization change,Wikipedia selected changes,https://en.wikipedia.org/wiki/List_of_S%26P_500_companies#Selected_changes_to_the_list_of_S&P_500_components,2026-06-03,medium,Selected changes table; may not be complete,,
2015-01-27,HCA,HCA Holdings,SWY,Safeway,Safeway acquired by private equity consortium,Wikipedia selected changes,https://en.wikipedia.org/wiki/List_of_S%26P_500_companies#Selected_changes_to_the_list_of_S&P_500_components,2026-06-03,medium,Selected changes table; may not be complete,,
2015-01-27,ENDP,Endo International,COV,Covidien,Covidien acquired by Medtronic,Wikipedia selected changes,https://en.wikipedia.org/wiki/List_of_S%26P_500_companies#Selected_changes_to_the_list_of_S&P_500_components,2026-06-03,medium,Selected changes table; may not be complete,,
2015-03-12,SWKS,Skyworks,PETM,PetSmart,PetSmart acquired by private equity consortium,Wikipedia selected changes,https://en.wikipedia.org/wiki/List_of_S%26P_500_companies#Selected_changes_to_the_list_of_S&P_500_components,2026-06-03,medium,Selected changes table; may not be complete,,
2015-03-18,HSIC,Henry Schein,CFN,Carefusion,Carefusion acquired by Becton Dickinson,Wikipedia selected changes,https://en.wikipedia.org/wiki/List_of_S%26P_500_companies#Selected_changes_to_the_list_of_S&P_500_components,2026-06-03,medium,Selected changes table; may not be complete,,
2015-03-23,AAL,American Airlines Group,AGN,Allergan,Allergan acquired by Actavis,Wikipedia selected changes,https://en.wikipedia.org/wiki/List_of_S%26P_500_companies#Selected_changes_to_the_list_of_S&P_500_components,2026-06-03,medium,Selected changes table; may not be complete,,
2015-03-23,EQIX,Equinix,DNR,Denbury Resources,Market capitalization change,Wikipedia selected changes,https://en.wikipedia.org/wiki/List_of_S%26P_500_companies#Selected_changes_to_the_list_of_S&P_500_components,2026-06-03,medium,Selected changes table; may not be complete,,
2015-03-23,SLG,SL Green Realty,NBR,Nabors Industries,Market capitalization change,Wikipedia selected changes,https://en.wikipedia.org/wiki/List_of_S%26P_500_companies#Selected_changes_to_the_list_of_S&P_500_components,2026-06-03,medium,Selected changes table; may not be complete,,
2015-03-23,HBI,Hanesbrands,AVP,Avon Products,Market capitalization change,Wikipedia selected changes,https://en.wikipedia.org/wiki/List_of_S%26P_500_companies#Selected_changes_to_the_list_of_S&P_500_components,2026-06-03,medium,Selected changes table; may not be complete,,
2015-04-07,O,Realty Income,WIN,Windstream Communications,Market capitalization change,Wikipedia selected changes,https://en.wikipedia.org/wiki/List_of_S%26P_500_companies#Selected_changes_to_the_list_of_S&P_500_components,2026-06-03,medium,Selected changes table; may not be complete,,
2015-06-11,QRVO,Qorvo,LO,Lorillard,Lorillard acquired,Wikipedia selected changes,https://en.wikipedia.org/wiki/List_of_S%26P_500_companies#Selected_changes_to_the_list_of_S&P_500_components,2026-06-03,medium,Selected changes table; may not be complete,,
2015-07-01,JBHT,J.B. Hunt,TEG,Integrys Energy Group,Integrys taken over,Wikipedia selected changes,https://en.wikipedia.org/wiki/List_of_S%26P_500_companies#Selected_changes_to_the_list_of_S&P_500_components,2026-06-03,medium,Selected changes table; may not be complete,,
2015-07-01,BXLT,Baxalta,QEP,QEP Resources,Baxalta spun off by Baxter,Wikipedia selected changes,https://en.wikipedia.org/wiki/List_of_S%26P_500_companies#Selected_changes_to_the_list_of_S&P_500_components,2026-06-03,medium,Selected changes table; may not be complete,,
2015-07-02,CPGX,Columbia Pipeline Group,ATI,Allegheny Technologies,Spin off of Columbia Pipeline,Wikipedia selected changes,https://en.wikipedia.org/wiki/List_of_S%26P_500_companies#Selected_changes_to_the_list_of_S&P_500_components,2026-06-03,medium,Selected changes table; may not be complete,,
2015-07-06,KHC,Kraft Heinz,KRFT,Kraft Foods,Kraft merger with Heinz,Wikipedia selected changes,https://en.wikipedia.org/wiki/List_of_S%26P_500_companies#Selected_changes_to_the_list_of_S&P_500_components,2026-06-03,medium,Selected changes table; may not be complete,,
2015-07-08,AAP,Advance Auto Parts,FDO,Family Dollar,Family Dollar acquired,Wikipedia selected changes,https://en.wikipedia.org/wiki/List_of_S%26P_500_companies#Selected_changes_to_the_list_of_S&P_500_components,2026-06-03,medium,Selected changes table; may not be complete,,
2015-07-20,PYPL,PayPal,NE,Noble Corporation,PayPal spun off by eBay,Wikipedia selected changes,https://en.wikipedia.org/wiki/List_of_S%26P_500_companies#Selected_changes_to_the_list_of_S&P_500_components,2026-06-03,medium,Selected changes table; may not be complete,,
2015-07-29,SIG,Signet Jewelers,DTV,DirecTV,DirecTV acquired by AT&T,Wikipedia selected changes,https://en.wikipedia.org/wiki/List_of_S%26P_500_companies#Selected_changes_to_the_list_of_S&P_500_components,2026-06-03,medium,Selected changes table; may not be complete,,
2015-08-28,ATVI,Activision Blizzard,PLL,Pall Corporation,Pall taken over,Wikipedia selected changes,https://en.wikipedia.org/wiki/List_of_S%26P_500_companies#Selected_changes_to_the_list_of_S&P_500_components,2026-06-03,medium,Selected changes table; may not be complete,,
2015-09-02,UAL,United Continental Holdings,HSP,Hospira,Hospira taken over,Wikipedia selected changes,https://en.wikipedia.org/wiki/List_of_S%26P_500_companies#Selected_changes_to_the_list_of_S&P_500_components,2026-06-03,medium,Selected changes table; may not be complete,,
2015-09-18,CMCSK,Comcast Class K,,,Share class methodology change,Wikipedia selected changes,https://en.wikipedia.org/wiki/List_of_S%26P_500_companies#Selected_changes_to_the_list_of_S&P_500_components,2026-06-03,medium,Selected changes table; may not be complete,,
2015-09-18,FOX,Twenty-First Century Fox,,,Share class methodology change,Wikipedia selected changes,https://en.wikipedia.org/wiki/List_of_S%26P_500_companies#Selected_changes_to_the_list_of_S&P_500_components,2026-06-03,medium,Selected changes table; may not be complete,,
2015-09-18,NWS,News Corporation,,,Share class methodology change,Wikipedia selected changes,https://en.wikipedia.org/wiki/List_of_S%26P_500_companies#Selected_changes_to_the_list_of_S&P_500_components,2026-06-03,medium,Selected changes table; may not be complete,,
2015-10-07,VRSK,Verisk Analytics,JOY,Joy Global,Market capitalization change,Wikipedia selected changes,https://en.wikipedia.org/wiki/List_of_S%26P_500_companies#Selected_changes_to_the_list_of_S&P_500_components,2026-06-03,medium,Selected changes table; may not be complete,,
2015-11-02,HPE,Hewlett Packard Enterprise,HCBK,Hudson City Bancorp,HPQ spins off HPE,Wikipedia selected changes,https://en.wikipedia.org/wiki/List_of_S%26P_500_companies#Selected_changes_to_the_list_of_S&P_500_components,2026-06-03,medium,Selected changes table; may not be complete,,
2015-11-18,SYF,Synchrony Financial,GNW,Genworth Financial,GE spinning off Synchrony Financial,Wikipedia selected changes,https://en.wikipedia.org/wiki/List_of_S%26P_500_companies#Selected_changes_to_the_list_of_S&P_500_components,2026-06-03,medium,Selected changes table; may not be complete,,
2015-11-19,ILMN,Illumina,SIAL,Sigma-Aldrich,Sigma-Aldrich acquired by Merck KGaA,Wikipedia selected changes,https://en.wikipedia.org/wiki/List_of_S%26P_500_companies#Selected_changes_to_the_list_of_S&P_500_components,2026-06-03,medium,Selected changes table; may not be complete,,
2015-12-01,CSRA,CSRA,CSC,Computer Sciences Corporation,CSC spins off CSRA,Wikipedia selected changes,https://en.wikipedia.org/wiki/List_of_S%26P_500_companies#Selected_changes_to_the_list_of_S&P_500_components,2026-06-03,medium,Selected changes table; may not be complete,,
2015-12-15,,,CMCSK,Comcast K Corp,Shares no longer listed,Wikipedia selected changes,https://en.wikipedia.org/wiki/List_of_S%26P_500_companies#Selected_changes_to_the_list_of_S&P_500_components,2026-06-03,medium,Selected changes table; may not be complete,,
2015-12-29,CHD,Church & Dwight,ALTR,Altera,Altera taken over by Intel,Wikipedia selected changes,https://en.wikipedia.org/wiki/List_of_S%26P_500_companies#Selected_changes_to_the_list_of_S&P_500_components,2026-06-03,medium,Selected changes table; may not be complete,,
2016-01-05,WLTW,Willis Towers Watson,FOSL,Fossil Group,WSH merges with TW and renames to WLTW,Wikipedia selected changes,https://en.wikipedia.org/wiki/List_of_S%26P_500_companies#Selected_changes_to_the_list_of_S&P_500_components,2026-06-03,medium,Selected changes table; may not be complete,,
2016-01-19,EXR,Extra Space Storage,ACE,ACE Ltd,ACE acquires Chubb and retains CB ticker,Wikipedia selected changes,https://en.wikipedia.org/wiki/List_of_S%26P_500_companies#Selected_changes_to_the_list_of_S&P_500_components,2026-06-03,medium,Selected changes table; may not be complete,,
2016-02-01,CFG,Citizens Financial Group,PCP,Precision Castparts,Market capitalization change,Wikipedia selected changes,https://en.wikipedia.org/wiki/List_of_S%26P_500_companies#Selected_changes_to_the_list_of_S&P_500_components,2026-06-03,medium,Selected changes table; may not be complete,,
2016-02-01,FRT,Federal Realty Investment Trust,BRCM,Broadcom Corporation,Market capitalization change,Wikipedia selected changes,https://en.wikipedia.org/wiki/List_of_S%26P_500_companies#Selected_changes_to_the_list_of_S&P_500_components,2026-06-03,medium,Selected changes table; may not be complete,,
2016-02-22,CXO,Concho Resources,PCL,Plum Creek Timber,Plum Creek taken over by Weyerhaeuser,Wikipedia selected changes,https://en.wikipedia.org/wiki/List_of_S%26P_500_companies#Selected_changes_to_the_list_of_S&P_500_components,2026-06-03,medium,Selected changes table; may not be complete,,
2016-03-04,AWK,American Water Works,CNX,Consol Energy,Market capitalization change,Wikipedia selected changes,https://en.wikipedia.org/wiki/List_of_S%26P_500_companies#Selected_changes_to_the_list_of_S&P_500_components,2026-06-03,medium,Selected changes table; may not be complete,,
2016-03-07,UDR,UDR,GMCR,Keurig Green Mountain,JAB acquired Keurig Green Mountain,Wikipedia selected changes,https://en.wikipedia.org/wiki/List_of_S%26P_500_companies#Selected_changes_to_the_list_of_S&P_500_components,2026-06-03,medium,Selected changes table; may not be complete,,
2016-03-30,HOLX,Hologic,POM,Pepco Holdings,Exelon acquired Pepco,Wikipedia selected changes,https://en.wikipedia.org/wiki/List_of_S%26P_500_companies#Selected_changes_to_the_list_of_S&P_500_components,2026-06-03,medium,Selected changes table; may not be complete,,
2016-03-30,CNC,Centene Corporation,ESV,Ensco,Centene acquired Health Net,Wikipedia selected changes,https://en.wikipedia.org/wiki/List_of_S%26P_500_companies#Selected_changes_to_the_list_of_S&P_500_components,2026-06-03,medium,Selected changes table; may not be complete,,
2016-04-04,FL,Foot Locker,CAM,Cameron International,Schlumberger acquired Cameron,Wikipedia selected changes,https://en.wikipedia.org/wiki/List_of_S%26P_500_companies#Selected_changes_to_the_list_of_S&P_500_components,2026-06-03,medium,Selected changes table; may not be complete,,
2016-04-08,UA,Under Armour Class C,,,Under Armour distribution of second class of stock,Wikipedia selected changes,https://en.wikipedia.org/wiki/List_of_S%26P_500_companies#Selected_changes_to_the_list_of_S&P_500_components,2026-06-03,medium,Selected changes table; may not be complete,,
2016-04-18,ULTA,Ulta Beauty,THC,Tenet Healthcare,Market capitalization change,Wikipedia selected changes,https://en.wikipedia.org/wiki/List_of_S%26P_500_companies#Selected_changes_to_the_list_of_S&P_500_components,2026-06-03,medium,Selected changes table; may not be complete,,
2016-04-25,GPN,Global Payments,GME,GameStop,Global Payments acquiring Heartland Payment Systems,Wikipedia selected changes,https://en.wikipedia.org/wiki/List_of_S%26P_500_companies#Selected_changes_to_the_list_of_S&P_500_components,2026-06-03,medium,Selected changes table; may not be complete,,
2016-05-03,AYI,Acuity Brands,ADT,ADT,ADT acquired by Apollo,Wikipedia selected changes,https://en.wikipedia.org/wiki/List_of_S%26P_500_companies#Selected_changes_to_the_list_of_S&P_500_components,2026-06-03,medium,Selected changes table; may not be complete,,
2016-05-13,ALK,Alaska Air Group,SNDK,SanDisk,SanDisk acquired by Western Digital,Wikipedia selected changes,https://en.wikipedia.org/wiki/List_of_S%26P_500_companies#Selected_changes_to_the_list_of_S&P_500_components,2026-06-03,medium,Selected changes table; may not be complete,,
2016-05-18,DLR,Digital Realty,TWC,Time Warner Cable,Time Warner Cable acquired by Charter,Wikipedia selected changes,https://en.wikipedia.org/wiki/List_of_S%26P_500_companies#Selected_changes_to_the_list_of_S&P_500_components,2026-06-03,medium,Selected changes table; may not be complete,,
2016-05-23,LKQ,LKQ Corporation,ARG,Airgas,Airgas acquired by Air Liquide,Wikipedia selected changes,https://en.wikipedia.org/wiki/List_of_S%26P_500_companies#Selected_changes_to_the_list_of_S&P_500_components,2026-06-03,medium,Selected changes table; may not be complete,,
2016-05-31,AJG,Arthur J. Gallagher & Co.,CCE,Coca-Cola Enterprises,CCE merging with European bottlers,Wikipedia selected changes,https://en.wikipedia.org/wiki/List_of_S%26P_500_companies#Selected_changes_to_the_list_of_S&P_500_components,2026-06-03,medium,Selected changes table; may not be complete,,
2016-06-03,TDG,TransDigm Group,BXLT,Baxalta,Shire acquiring Baxalta,Wikipedia selected changes,https://en.wikipedia.org/wiki/List_of_S%26P_500_companies#Selected_changes_to_the_list_of_S&P_500_components,2026-06-03,medium,Selected changes table; may not be complete,,
2016-06-22,FBHS,Fortune Brands Home & Security,CVC,Cablevision Systems,Cablevision acquired by Altice,Wikipedia selected changes,https://en.wikipedia.org/wiki/List_of_S%26P_500_companies#Selected_changes_to_the_list_of_S&P_500_components,2026-06-03,medium,Selected changes table; may not be complete,,
2016-07-01,LNT,Alliant Energy,GAS,AGL Resources,AGL acquired by Southern,Wikipedia selected changes,https://en.wikipedia.org/wiki/List_of_S%26P_500_companies#Selected_changes_to_the_list_of_S&P_500_components,2026-06-03,medium,Selected changes table; may not be complete,,
2016-07-01,ALB,Albemarle Corporation,TE,TECO Energy,TECO acquired,Wikipedia selected changes,https://en.wikipedia.org/wiki/List_of_S%26P_500_companies#Selected_changes_to_the_list_of_S&P_500_components,2026-06-03,medium,Selected changes table; may not be complete,,
2016-07-05,FTV,Fortive,CPGX,Columbia Pipeline Group,Columbia Pipeline acquired,Wikipedia selected changes,https://en.wikipedia.org/wiki/List_of_S%26P_500_companies#Selected_changes_to_the_list_of_S&P_500_components,2026-06-03,medium,Selected changes table; may not be complete,,
2016-09-06,MTD,Mettler Toledo,TYC,Tyco International,Tyco acquired Johnson Controls and retained JCI ticker,Wikipedia selected changes,https://en.wikipedia.org/wiki/List_of_S%26P_500_companies#Selected_changes_to_the_list_of_S&P_500_components,2026-06-03,medium,Selected changes table; may not be complete,,
2016-09-08,CHTR,Charter Communications,EMC,EMC Corporation,Dell acquired EMC,Wikipedia selected changes,https://en.wikipedia.org/wiki/List_of_S%26P_500_companies#Selected_changes_to_the_list_of_S&P_500_components,2026-06-03,medium,Selected changes table; may not be complete,,
2016-09-22,COO,The Cooper Companies,HOT,Starwood,Marriott acquired Starwood,Wikipedia selected changes,https://en.wikipedia.org/wiki/List_of_S%26P_500_companies#Selected_changes_to_the_list_of_S&P_500_components,2026-06-03,medium,Selected changes table; may not be complete,,
2016-09-30,COTY,Coty,DO,Diamond Offshore Drilling,Market capitalization change,Wikipedia selected changes,https://en.wikipedia.org/wiki/List_of_S%26P_500_companies#Selected_changes_to_the_list_of_S&P_500_components,2026-06-03,medium,Selected changes table; may not be complete,,
2016-11-01,ARNC,Arconic,AA,Alcoa,Alcoa spins off Arconic,Wikipedia selected changes,https://en.wikipedia.org/wiki/List_of_S%26P_500_companies#Selected_changes_to_the_list_of_S&P_500_components,2026-06-03,medium,Selected changes table; may not be complete,,
2016-12-02,MAA,Mid-America Apartments,OI,Owens-Illinois,Market capitalization change,Wikipedia selected changes,https://en.wikipedia.org/wiki/List_of_S%26P_500_companies#Selected_changes_to_the_list_of_S&P_500_components,2026-06-03,medium,Selected changes table; may not be complete,,
2016-12-02,EVHC,Envision Healthcare,LM,Legg Mason,Market capitalization change,Wikipedia selected changes,https://en.wikipedia.org/wiki/List_of_S%26P_500_companies#Selected_changes_to_the_list_of_S&P_500_components,2026-06-03,medium,Selected changes table; may not be complete,,
2017-01-05,IDXX,Idexx Laboratories,STJ,St Jude Medical,Abbott acquired St Jude Medical,Wikipedia selected changes,https://en.wikipedia.org/wiki/List_of_S%26P_500_companies#Selected_changes_to_the_list_of_S&P_500_components,2026-06-03,medium,Selected changes table; may not be complete,,
2017-02-28,INCY,Incyte,SE,Spectra Energy,Spectra acquired,Wikipedia selected changes,https://en.wikipedia.org/wiki/List_of_S%26P_500_companies#Selected_changes_to_the_list_of_S&P_500_components,2026-06-03,medium,Selected changes table; may not be complete,,
2017-03-01,CBOE,Cboe Holdings,PBI,Pitney Bowes,CBOE acquired BATS,Wikipedia selected changes,https://en.wikipedia.org/wiki/List_of_S%26P_500_companies#Selected_changes_to_the_list_of_S&P_500_components,2026-06-03,medium,Selected changes table; may not be complete,,
2017-03-02,REG,Regency Centers,ENDP,Endo International,Regency acquires Equity One,Wikipedia selected changes,https://en.wikipedia.org/wiki/List_of_S%26P_500_companies#Selected_changes_to_the_list_of_S&P_500_components,2026-06-03,medium,Selected changes table; may not be complete,,
2017-03-13,DISH,Dish Network,LLTC,Linear Technology,Analog Devices acquired Linear Technology,Wikipedia selected changes,https://en.wikipedia.org/wiki/List_of_S%26P_500_companies#Selected_changes_to_the_list_of_S&P_500_components,2026-06-03,medium,Selected changes table; may not be complete,,
2017-03-16,SNPS,Synopsys,HAR,Harman International,Samsung acquired Harman,Wikipedia selected changes,https://en.wikipedia.org/wiki/List_of_S%26P_500_companies#Selected_changes_to_the_list_of_S&P_500_components,2026-06-03,medium,Selected changes table; may not be complete,,
2017-03-20,AMD,Advanced Micro Devices,URBN,Urban Outfitters,Market capitalization change,Wikipedia selected changes,https://en.wikipedia.org/wiki/List_of_S%26P_500_companies#Selected_changes_to_the_list_of_S&P_500_components,2026-06-03,medium,Selected changes table; may not be complete,,
2017-03-20,RJF,Raymond James Financial,FTR,Frontier Communications,Market capitalization change,Wikipedia selected changes,https://en.wikipedia.org/wiki/List_of_S%26P_500_companies#Selected_changes_to_the_list_of_S&P_500_components,2026-06-03,medium,Selected changes table; may not be complete,,
2017-03-20,ARE,Alexandria Real Estate Equities,FSLR,First Solar,Market capitalization change,Wikipedia selected changes,https://en.wikipedia.org/wiki/List_of_S%26P_500_companies#Selected_changes_to_the_list_of_S&P_500_components,2026-06-03,medium,Selected changes table; may not be complete,,
2017-04-04,DXC,DXC Technology,SWN,Southwestern Energy,HPE spin and CSC merger formed DXC,Wikipedia selected changes,https://en.wikipedia.org/wiki/List_of_S%26P_500_companies#Selected_changes_to_the_list_of_S&P_500_components,2026-06-03,medium,Selected changes table; may not be complete,,
2017-04-05,IT,Gartner,DNB,Dun & Bradstreet,Gartner acquiring CEB,Wikipedia selected changes,https://en.wikipedia.org/wiki/List_of_S%26P_500_companies#Selected_changes_to_the_list_of_S&P_500_components,2026-06-03,medium,Selected changes table; may not be complete,,
2017-06-02,INFO,IHS Markit,TGNA,Tegna,Tegna spins off Cars.com,Wikipedia selected changes,https://en.wikipedia.org/wiki/List_of_S%26P_500_companies#Selected_changes_to_the_list_of_S&P_500_components,2026-06-03,medium,Selected changes table; may not be complete,,
2017-06-19,HLT,Hilton,YHOO,Yahoo!,Yahoo operations acquired by Verizon,Wikipedia selected changes,https://en.wikipedia.org/wiki/List_of_S%26P_500_companies#Selected_changes_to_the_list_of_S&P_500_components,2026-06-03,medium,Selected changes table; may not be complete,,
2017-06-19,ALGN,Align Technology,TDC,Teradata,Market capitalization change,Wikipedia selected changes,https://en.wikipedia.org/wiki/List_of_S%26P_500_companies#Selected_changes_to_the_list_of_S&P_500_components,2026-06-03,medium,Selected changes table; may not be complete,,
2017-06-19,ANSS,Ansys,R,Ryder System,Market capitalization change,Wikipedia selected changes,https://en.wikipedia.org/wiki/List_of_S%26P_500_companies#Selected_changes_to_the_list_of_S&P_500_components,2026-06-03,medium,Selected changes table; may not be complete,,
2017-06-19,RE,Everest Re,MJN,Mead Johnson,Mead Johnson acquired by Reckitt Benckiser,Wikipedia selected changes,https://en.wikipedia.org/wiki/List_of_S%26P_500_companies#Selected_changes_to_the_list_of_S&P_500_components,2026-06-03,medium,Selected changes table; may not be complete,,
2017-07-07,BKR,Baker Hughes,BHI,Baker Hughes,Baker Hughes merged with GE Oil & Gas,Wikipedia selected changes,https://en.wikipedia.org/wiki/List_of_S%26P_500_companies#Selected_changes_to_the_list_of_S&P_500_components,2026-06-03,medium,Selected changes table; may not be complete,,
2017-07-26,DRE,Duke Realty,RIG,Transocean,Market capitalization change,Wikipedia selected changes,https://en.wikipedia.org/wiki/List_of_S%26P_500_companies#Selected_changes_to_the_list_of_S&P_500_components,2026-06-03,medium,Selected changes table; may not be complete,,
2017-07-26,AOS,A. O. Smith,BBBY,Bed Bath & Beyond,Market capitalization change,Wikipedia selected changes,https://en.wikipedia.org/wiki/List_of_S%26P_500_companies#Selected_changes_to_the_list_of_S&P_500_components,2026-06-03,medium,Selected changes table; may not be complete,,
2017-07-26,PKG,Packaging Corporation of America,MUR,Murphy Oil,Market capitalization change,Wikipedia selected changes,https://en.wikipedia.org/wiki/List_of_S%26P_500_companies#Selected_changes_to_the_list_of_S&P_500_components,2026-06-03,medium,Selected changes table; may not be complete,,
2017-07-26,RMD,ResMed,MNK,Mallinckrodt,Market capitalization change,Wikipedia selected changes,https://en.wikipedia.org/wiki/List_of_S%26P_500_companies#Selected_changes_to_the_list_of_S&P_500_components,2026-06-03,medium,Selected changes table; may not be complete,,
2017-07-26,MGM,MGM Resorts International,RAI,Reynolds American,British American Tobacco acquired Reynolds,Wikipedia selected changes,https://en.wikipedia.org/wiki/List_of_S%26P_500_companies#Selected_changes_to_the_list_of_S&P_500_components,2026-06-03,medium,Selected changes table; may not be complete,,
2017-08-08,BHF,Brighthouse Financial,AN,AutoNation,MetLife spun off Brighthouse,Wikipedia selected changes,https://en.wikipedia.org/wiki/List_of_S%26P_500_companies#Selected_changes_to_the_list_of_S&P_500_components,2026-06-03,medium,Selected changes table; may not be complete,,
2017-08-29,Q,QuintilesIMS,WFM,Whole Foods Market,Amazon acquired Whole Foods,Wikipedia selected changes,https://en.wikipedia.org/wiki/List_of_S%26P_500_companies#Selected_changes_to_the_list_of_S&P_500_components,2026-06-03,medium,Selected changes table; may not be complete,,
2017-09-01,DWDP,DuPont,DOW,Dow Chemical,Dow Chemical renamed to DowDuPont,Wikipedia selected changes,https://en.wikipedia.org/wiki/List_of_S%26P_500_companies#Selected_changes_to_the_list_of_S&P_500_components,2026-06-03,medium,Selected changes table; may not be complete,,
2017-09-01,SBAC,SBA Communications,DD,DuPont,Dow Chemical acquired DuPont,Wikipedia selected changes,https://en.wikipedia.org/wiki/List_of_S%26P_500_companies#Selected_changes_to_the_list_of_S&P_500_components,2026-06-03,medium,Selected changes table; may not be complete,,
2017-09-18,CDNS,Cadence Design Systems,SPLS,Staples,Staples acquired by Sycamore Partners,Wikipedia selected changes,https://en.wikipedia.org/wiki/List_of_S%26P_500_companies#Selected_changes_to_the_list_of_S&P_500_components,2026-06-03,medium,Selected changes table; may not be complete,,
2017-10-13,NCLH,Norwegian Cruise Line Holdings,LVLT,Level 3 Communications,CenturyLink acquired Level 3,Wikipedia selected changes,https://en.wikipedia.org/wiki/List_of_S%26P_500_companies#Selected_changes_to_the_list_of_S&P_500_components,2026-06-03,medium,Selected changes table; may not be complete,,
2018-01-03,HII,Huntington Ingalls Industries,BCR,CR Bard,Becton Dickinson acquired CR Bard,Wikipedia selected changes,https://en.wikipedia.org/wiki/List_of_S%26P_500_companies#Selected_changes_to_the_list_of_S&P_500_components,2026-06-03,medium,Selected changes table; may not be complete,,
2018-03-07,IPGP,IPG Photonics,SNI,Scripps Networks Interactive,Discovery acquired Scripps Networks,Wikipedia selected changes,https://en.wikipedia.org/wiki/List_of_S%26P_500_companies#Selected_changes_to_the_list_of_S&P_500_components,2026-06-03,medium,Selected changes table; may not be complete,,
2018-03-19,TTWO,Take-Two Interactive,SIG,Signet Jewelers,Market capitalization change,Wikipedia selected changes,https://en.wikipedia.org/wiki/List_of_S%26P_500_companies#Selected_changes_to_the_list_of_S&P_500_components,2026-06-03,medium,Selected changes table; may not be complete,,
2018-03-19,SIVB,SVB Financial Group,PDCO,Patterson Companies,Market capitalization change,Wikipedia selected changes,https://en.wikipedia.org/wiki/List_of_S%26P_500_companies#Selected_changes_to_the_list_of_S&P_500_components,2026-06-03,medium,Selected changes table; may not be complete,,
2018-03-19,NKTR,Nektar Therapeutics,CHK,Chesapeake Energy,Market capitalization change,Wikipedia selected changes,https://en.wikipedia.org/wiki/List_of_S%26P_500_companies#Selected_changes_to_the_list_of_S&P_500_components,2026-06-03,medium,Selected changes table; may not be complete,,
2018-04-04,MSCI,MSCI,CSRA,CSRA,General Dynamics acquired CSRA,Wikipedia selected changes,https://en.wikipedia.org/wiki/List_of_S%26P_500_companies#Selected_changes_to_the_list_of_S&P_500_components,2026-06-03,medium,Selected changes table; may not be complete,,
2018-05-31,ABMD,Abiomed,WYN,Wyndham Worldwide,Wyndham Worldwide spun off Wyndham Hotels,Wikipedia selected changes,https://en.wikipedia.org/wiki/List_of_S%26P_500_companies#Selected_changes_to_the_list_of_S&P_500_components,2026-06-03,medium,Selected changes table; may not be complete,,
2018-06-05,EVRG,Evergy,NAVI,Navient,Westar acquired Great Plains and became Evergy,Wikipedia selected changes,https://en.wikipedia.org/wiki/List_of_S%26P_500_companies#Selected_changes_to_the_list_of_S&P_500_components,2026-06-03,medium,Selected changes table; may not be complete,,
2018-06-07,TWTR,Twitter,MON,Monsanto,Bayer acquired Monsanto,Wikipedia selected changes,https://en.wikipedia.org/wiki/List_of_S%26P_500_companies#Selected_changes_to_the_list_of_S&P_500_components,2026-06-03,medium,Selected changes table; may not be complete,,
2018-06-18,BR,Broadridge Financial Solutions,RRC,Range Resources,Market capitalization change,Wikipedia selected changes,https://en.wikipedia.org/wiki/List_of_S%26P_500_companies#Selected_changes_to_the_list_of_S&P_500_components,2026-06-03,medium,Selected changes table; may not be complete,,
2018-06-18,HFC,HollyFrontier,AYI,Acuity Brands,Market capitalization change,Wikipedia selected changes,https://en.wikipedia.org/wiki/List_of_S%26P_500_companies#Selected_changes_to_the_list_of_S&P_500_components,2026-06-03,medium,Selected changes table; may not be complete,,
2018-06-20,FLT,FleetCor Technologies,TWX,Time Warner,AT&T acquired Time Warner,Wikipedia selected changes,https://en.wikipedia.org/wiki/List_of_S%26P_500_companies#Selected_changes_to_the_list_of_S&P_500_components,2026-06-03,medium,Selected changes table; may not be complete,,
2018-07-02,CPRT,Copart,DPS,Dr Pepper Snapple,DPS acquired by Keurig Green Mountain,Wikipedia selected changes,https://en.wikipedia.org/wiki/List_of_S%26P_500_companies#Selected_changes_to_the_list_of_S&P_500_components,2026-06-03,medium,Selected changes table; may not be complete,,
2018-08-28,ANET,Arista Networks,GGP,GGP,GGP acquired by Brookfield Property Partners,Wikipedia selected changes,https://en.wikipedia.org/wiki/List_of_S%26P_500_companies#Selected_changes_to_the_list_of_S&P_500_components,2026-06-03,medium,Selected changes table; may not be complete,,
2018-09-14,WCG,WellCare,XL,XL Group,XL acquired by AXA,Wikipedia selected changes,https://en.wikipedia.org/wiki/List_of_S%26P_500_companies#Selected_changes_to_the_list_of_S&P_500_components,2026-06-03,medium,Selected changes table; may not be complete,,
2018-10-01,ROL,Rollins,ANDV,Andeavor,Andeavor acquired by Marathon Petroleum,Wikipedia selected changes,https://en.wikipedia.org/wiki/List_of_S%26P_500_companies#Selected_changes_to_the_list_of_S&P_500_components,2026-06-03,medium,Selected changes table; may not be complete,,
2018-10-11,FTNT,Fortinet,EVHC,Envision Healthcare,EVHC acquired by KKR,Wikipedia selected changes,https://en.wikipedia.org/wiki/List_of_S%26P_500_companies#Selected_changes_to_the_list_of_S&P_500_components,2026-06-03,medium,Selected changes table; may not be complete,,
2018-11-06,KEYS,Keysight,CA,CA Technologies,CA acquired by Broadcom,Wikipedia selected changes,https://en.wikipedia.org/wiki/List_of_S%26P_500_companies#Selected_changes_to_the_list_of_S&P_500_components,2026-06-03,medium,Selected changes table; may not be complete,,
2018-11-13,JKHY,Jack Henry & Associates,EQT,EQT Corporation,EQT spun off ETRN,Wikipedia selected changes,https://en.wikipedia.org/wiki/List_of_S%26P_500_companies#Selected_changes_to_the_list_of_S&P_500_components,2026-06-03,medium,Selected changes table; may not be complete,,
2018-12-03,LW,Lamb Weston,COL,Rockwell Collins,UTX acquired Rockwell Collins,Wikipedia selected changes,https://en.wikipedia.org/wiki/List_of_S%26P_500_companies#Selected_changes_to_the_list_of_S&P_500_components,2026-06-03,medium,Selected changes table; may not be complete,,
2018-12-03,MXIM,Maxim Integrated,AET,Aetna,CVS acquired Aetna,Wikipedia selected changes,https://en.wikipedia.org/wiki/List_of_S%26P_500_companies#Selected_changes_to_the_list_of_S&P_500_components,2026-06-03,medium,Selected changes table; may not be complete,,
2018-12-03,FANG,Diamondback Energy,SRCL,Stericycle,Market capitalization change,Wikipedia selected changes,https://en.wikipedia.org/wiki/List_of_S%26P_500_companies#Selected_changes_to_the_list_of_S&P_500_components,2026-06-03,medium,Selected changes table; may not be complete,,
2018-12-24,CE,Celanese,ESRX,Express Scripts,Cigna acquired Express Scripts,Wikipedia selected changes,https://en.wikipedia.org/wiki/List_of_S%26P_500_companies#Selected_changes_to_the_list_of_S&P_500_components,2026-06-03,medium,Selected changes table; may not be complete,,
2019-01-02,FRC,First Republic Bank,SCG,SCANA,Dominion Energy acquired SCANA,Wikipedia selected changes,https://en.wikipedia.org/wiki/List_of_S%26P_500_companies#Selected_changes_to_the_list_of_S&P_500_components,2026-06-03,medium,Selected changes table; may not be complete,,
2019-01-18,TFX,Teleflex,PCG,Pacific Gas & Electric,PCG filed for bankruptcy,Wikipedia selected changes,https://en.wikipedia.org/wiki/List_of_S%26P_500_companies#Selected_changes_to_the_list_of_S&P_500_components,2026-06-03,medium,Selected changes table; may not be complete,,
2019-02-15,ATO,Atmos Energy,NFX,Newfield Exploration,Newfield acquired,Wikipedia selected changes,https://en.wikipedia.org/wiki/List_of_S%26P_500_companies#Selected_changes_to_the_list_of_S&P_500_components,2026-06-03,medium,Selected changes table; may not be complete,,
2019-02-27,WAB,Wabtec,GT,Goodyear,WAB acquired GE Transportation business,Wikipedia selected changes,https://en.wikipedia.org/wiki/List_of_S%26P_500_companies#Selected_changes_to_the_list_of_S&P_500_components,2026-06-03,medium,Selected changes table; may not be complete,,
2019-04-02,DOW,Dow,BHF,Brighthouse Financial,Dow spun off from DowDuPont,Wikipedia selected changes,https://en.wikipedia.org/wiki/List_of_S%26P_500_companies#Selected_changes_to_the_list_of_S&P_500_components,2026-06-03,medium,Selected changes table; may not be complete,,
2019-06-03,DD,DuPont,DWDP,DuPont,DWDP changed to DD after Corteva spin-off,Wikipedia selected changes,https://en.wikipedia.org/wiki/List_of_S%26P_500_companies#Selected_changes_to_the_list_of_S&P_500_components,2026-06-03,medium,Selected changes table; may not be complete,,
2019-06-03,CTVA,Corteva,FLR,Fluor Corporation,Corteva spun off from DWDP,Wikipedia selected changes,https://en.wikipedia.org/wiki/List_of_S%26P_500_companies#Selected_changes_to_the_list_of_S&P_500_components,2026-06-03,medium,Selected changes table; may not be complete,,
2019-06-07,BMS,Bemis,MAT,Mattel,Pending merger of Bemis and Amcor,Wikipedia selected changes,https://en.wikipedia.org/wiki/List_of_S%26P_500_companies#Selected_changes_to_the_list_of_S&P_500_components,2026-06-03,medium,Selected changes table; may not be complete,,
2019-06-11,AMCR,Amcor,BMS,Bemis,Bemis changed to AMCR after merger,Wikipedia selected changes,https://en.wikipedia.org/wiki/List_of_S%26P_500_companies#Selected_changes_to_the_list_of_S&P_500_components,2026-06-03,medium,Selected changes table; may not be complete,,
2019-07-01,MKTX,MarketAxess,LLL,L3 Technologies,L3 purchased by Harris,Wikipedia selected changes,https://en.wikipedia.org/wiki/List_of_S%26P_500_companies#Selected_changes_to_the_list_of_S&P_500_components,2026-06-03,medium,Selected changes table; may not be complete,,
2019-07-15,TMUS,T-Mobile US,RHT,Red Hat,IBM acquired Red Hat,Wikipedia selected changes,https://en.wikipedia.org/wiki/List_of_S%26P_500_companies#Selected_changes_to_the_list_of_S&P_500_components,2026-06-03,medium,Selected changes table; may not be complete,,
2019-08-09,LDOS,Leidos,APC,Anadarko Petroleum,Occidental acquired Anadarko,Wikipedia selected changes,https://en.wikipedia.org/wiki/List_of_S%26P_500_companies#Selected_changes_to_the_list_of_S&P_500_components,2026-06-03,medium,Selected changes table; may not be complete,,
2019-08-09,IEX,IDEX Corporation,FL,Foot Locker,Market capitalization change,Wikipedia selected changes,https://en.wikipedia.org/wiki/List_of_S%26P_500_companies#Selected_changes_to_the_list_of_S&P_500_components,2026-06-03,medium,Selected changes table; may not be complete,,
2019-09-23,CDW,CDW Corporation,TSS,TSYS,Global Payments acquired TSYS,Wikipedia selected changes,https://en.wikipedia.org/wiki/List_of_S%26P_500_companies#Selected_changes_to_the_list_of_S&P_500_components,2026-06-03,medium,Selected changes table; may not be complete,,
2019-09-26,NVR,NVR,JEF,Jefferies Financial Group,JEF spun off SPB,Wikipedia selected changes,https://en.wikipedia.org/wiki/List_of_S%26P_500_companies#Selected_changes_to_the_list_of_S&P_500_components,2026-06-03,medium,Selected changes table; may not be complete,,
2019-10-03,LVS,Las Vegas Sands,NKTR,Nektar Therapeutics,Market capitalization change,Wikipedia selected changes,https://en.wikipedia.org/wiki/List_of_S%26P_500_companies#Selected_changes_to_the_list_of_S&P_500_components,2026-06-03,medium,Selected changes table; may not be complete,,
2019-11-21,NOW,ServiceNow,CELG,Celgene,Bristol-Myers Squibb acquired Celgene,Wikipedia selected changes,https://en.wikipedia.org/wiki/List_of_S%26P_500_companies#Selected_changes_to_the_list_of_S&P_500_components,2026-06-03,medium,Selected changes table; may not be complete,,
2019-12-05,WRB,W. R. Berkley Corporation,VIAB,Viacom,CBS acquired Viacom to form ViacomCBS,Wikipedia selected changes,https://en.wikipedia.org/wiki/List_of_S%26P_500_companies#Selected_changes_to_the_list_of_S&P_500_components,2026-06-03,medium,Selected changes table; may not be complete,,
2019-12-09,ODFL,Old Dominion Freight Line,STI,SunTrust Banks,BB&T acquired SunTrust to form Truist,Wikipedia selected changes,https://en.wikipedia.org/wiki/List_of_S%26P_500_companies#Selected_changes_to_the_list_of_S&P_500_components,2026-06-03,medium,Selected changes table; may not be complete,,
2019-12-23,LYV,Live Nation Entertainment,AMG,Affiliated Managers Group,Market capitalization change,Wikipedia selected changes,https://en.wikipedia.org/wiki/List_of_S%26P_500_companies#Selected_changes_to_the_list_of_S&P_500_components,2026-06-03,medium,Selected changes table; may not be complete,,
2019-12-23,ZBRA,Zebra Technologies,TRIP,TripAdvisor,Market capitalization change,Wikipedia selected changes,https://en.wikipedia.org/wiki/List_of_S%26P_500_companies#Selected_changes_to_the_list_of_S&P_500_components,2026-06-03,medium,Selected changes table; may not be complete,,
2019-12-23,STE,Steris,MAC,Macerich,Market capitalization change,Wikipedia selected changes,https://en.wikipedia.org/wiki/List_of_S%26P_500_companies#Selected_changes_to_the_list_of_S&P_500_components,2026-06-03,medium,Selected changes table; may not be complete,,
2020-01-28,PAYC,Paycom,WCG,WellCare,Centene acquired WellCare,Wikipedia selected changes,https://en.wikipedia.org/wiki/List_of_S%26P_500_companies#Selected_changes_to_the_list_of_S&P_500_components,2026-06-03,medium,Selected changes table; may not be complete,,
2020-05-22,WST,West Pharmaceutical Services,HP,Helmerich & Payne,Market capitalization change,Wikipedia selected changes,https://en.wikipedia.org/wiki/List_of_S%26P_500_companies#Selected_changes_to_the_list_of_S&P_500_components,2026-06-03,medium,Selected changes table; may not be complete,,
